Rang,Score Talendus,Priorité,Nom entreprise,Site web,Ville,Secteur,Nombre d'employés estimé,Type d'activité,Signal de recrutement,Nombre d'offres actuelles,Postes recherchés,Quart de travail,Nom du décideur #1,Fonction #1,LinkedIn #1,Email #1,Vérification email #1,Nom du décideur #2,Fonction #2,LinkedIn #2,Email #2,Vérification email #2,Email général vérifié,Email RH vérifié,Email recrutement vérifié,Téléphone,Adresse,Source entreprise,Source offre emploi,Source personne,Source email,Date de vérification,Niveau de confiance,Pourquoi Talendus devrait les contacter,Angle d'approche recommandé,Priorité de contact,Notes,Taille bande,Emails vérifiés (n),Score besoin recrutement /5,Présence Talendus
1,86,A,Intelcom | Dragonfly,https://intelcom.ca,Montréal,Messagerie last-mile / stations de tri,500,"Leader last-mile QC, 100+ stations de tri, sièges 1380 William, stations Candiac / Laval / Montréal","Trieurs de colis / commis d’entrepôt Candiac, Laval, Montréal — dont sur appel et quarts tôt le matin",4,Trieur(euse) de colis ; commis d’entrepôt PM ; trieur sur appel ; livreurs,"Jour, PM, tôt le matin (ex. 3 h)",,Service à la clientèle (schema.org officiel),,contact@intelcomexpress.com,JSON-LD officiel intelcom.ca et dragonflyshipping.ca — contactPoint.email,,,,info@intelcomexpress.com,Site officiel intelcom.ca/fr/ (enrichissement catalogue),contact@intelcomexpress.com,,,1-833-640-2301,"1380, rue William, Montréal (QC) H3C 1R5",https://intelcom.ca/en/careers/ + https://dragonflyshipping.ca/,"Offres trieurs Candiac / Laval / Montréal (Indeed + Espresso-Jobs, sept. 2026)",,Schema.org officiel (contact@) + accueil officiel (info@). Portail carrières sans inbox RH dédiée.,2026-09-14,"Élevé sur les 2 boîtes. Recrutement ops via ATS / Indeed, pas via ces inbox.","Le plus proche jumeau québécois de Purolator pour les trieurs : stations locales, quarts 3 h du matin, volume récurrent.","Bassin trieurs/commis d’entrepôt multi-stations (Candiac, Laval, Montréal) — dispo tôt le matin.",Immédiat,2 emails vérifiables. Fiche catalogue = Intelcom.,E,2,5,Catalogue
2,80,A,Transport Gariépy,https://transportgariepy.com,Montréal,Transport / entrepôt,80,"Cueillettes et livraisons locales Grand Montréal, mécaniciens châssis, cariste quai Est","Plusieurs offres simultanées : classe 1 jour/nuit/week-end, classe 3, cariste, 2 mécaniciens",8,"Camionneur classe 1 (jour, nuit, week-end) ; classe 3 ; cariste ; mécanicien châssis/remorque","Jour, soir (16h–), week-end",,,,cv@transportgariepy.com,Page Carrières officielle — « Send your resume to cv@transportgariepy.com »,,,,info@transportgariepy.com,Page Carrières officielle — Customer service,info@transportgariepy.com,,cv@transportgariepy.com,514-494-3400,"11525, avenue Armand-Chaput, Montréal (QC) H1C 1S8",https://transportgariepy.com,https://transportgariepy.com/en/careers,,"Site officiel > Carrières (cv@, info@, rsvp@, rate_request@)",2026-09-14,Élevé — 4 boîtes publiées sur la page carrières,PME de l’Est qui embauche en continu des chauffeurs (nuit/week-end) et un cariste. Décideur opérations joignable via dispatch publié.,"Offrir des chauffeurs classe 1 soir/week-end et un cariste quai, CV déjà acceptés à cv@.",Immédiat,4 emails vérifiables trouvés. Owner-led probable ; nom du dirigeant non confirmé publiquement.,C,4,5,Nouveau
3,75,B,Distribution Stox (Unimax),https://unimax.ca,Boucherville,Distribution / pneus,280,"Centres de distribution pneus (Stox / RSSW / Point S), multi-quarts, expansion Ottawa/Sudbury","17 offres Boucherville + 4 Laval (cariste/manutentionnaire jour-soir-nuit, livreurs)",21,"Cariste/manutentionnaire jour, soir, nuit ; manutentionnaire ; chauffeur-livreur classe 5 ; aide-livreur",Jour / soir / nuit (ex. 22h30–7h00) + prime rush oct-nov,,,,,,,,,,,,,,1-866-906-8848,"235, rue J.-A.-Bombardier, Boucherville (QC) J4B 8P1","https://unimax.ca/fr — siège Boucherville, divisions Stox / RSSW / Point S",https://careers.smartrecruiters.com/distributionstox2 (17 postes Boucherville le 2026-09-14),,Aucun courriel public assez fiable. Portail SmartRecruiters uniquement.,2026-09-14,Élevé sur le volume d’offres ; faible sur le contact nominatif,"Volume exceptionnel de postes opérationnels multi-quarts sur la Rive-Sud et Laval, plus rush saisonnier pneus. PME/mid-market plus accessible qu’un géant national.","Proposer un bassin caristes/manutentionnaires soir-nuit et un filet rush octobre-novembre, sans remplacer leur ATS.",Cette semaine,Seulement 0 email vérifiable trouvé. Ne pas inventer rh@ ou jobs@.,D,0,5,Nouveau
4,66,B,Nationex,https://nationex.com,Saint-Hubert,Messagerie québécoise / colis,400,"Messagerie 100 % québécoise (1980), 22 dépôts, siège 3505 boul. Losch, Saint-Hubert",Historique d’offres manutentionnaire soir/nuit Saint-Hubert ; page Carrières active,1,Manutentionnaire soir et nuit ; service à la clientèle ; développement des affaires GMA,Soir et nuit (offres LinkedIn entreprise 2020 — à reconfirmer sur le portail actuel),,,,carrieres@nationex.com,"Publications LinkedIn officielles de l’entreprise Nationex (2020–2021) — « PAR COURRIEL : carrieres@nationex.com » (manutentionnaire soir/nuit Saint-Hubert, SC, DA GMA)",,,,,,,,carrieres@nationex.com,514-861-3453,"3505, boulevard Losch, Saint-Hubert (QC) J3Y 5T7",https://nationex.com/pages/carrieres + LinkedIn entreprise Nationex,Posts LinkedIn entreprise 2020 (manutentionnaire soir/nuit Saint-Hubert),,LinkedIn entreprise (2020–2021). La page Carrières actuelle est un formulaire JS — email non visible dans le HTML 2026.,2026-09-14,"Moyen — boîte publiée par l’entreprise, mais posts anciens. Reconfirmer avant 1er envoi.","Jumeau québécois de Purolator : colis, Saint-Hubert, manutentionnaires nuit. Absent du catalogue.",Tester carrieres@ avec un bassin manutentionnaires soir/nuit Rive-Sud. Si bounce → formulaire site.,Cette semaine,1 email d’entreprise daté 2020–2021. Pas réinventé : publié par Nationex. Reconfirmer.,E,1,4,Nouveau
5,65,B,Groupe Lafrance,https://groupe-lafrance.com,Montréal,Transport / entrepôt LTL,120,"LTL, intermodal, terminal Montréal, entreposage — entreprise familiale 2e génération","8 postes ouverts : gérant opérations, répartiteurs LTL/intermodal, gérant d’entrepôt, manutentionnaire, inventaires",8,Gérant d’opérations transport ; répartiteur LTL ; répartiteur intermodal ; gérant d’entrepôt ; manutentionnaire ; responsable inventaires,Jour,Famille Bineau,Direction / 2e génération (nommée sur la page carrières),,jobs@lafrance.qc.ca,Page Postes disponibles — « À l’attention des ressources humaines — jobs@lafrance.qc.ca »,,,,info@groupe-lafrance.com,Pied de page / contact officiel groupe-lafrance.com,info@groupe-lafrance.com,jobs@lafrance.qc.ca,,514-254-6688,"7055, boulevard Notre-Dame Est, Montréal (QC) H1N 3R8",https://groupe-lafrance.com,https://groupe-lafrance.com/carrieres/postes-disponibles/,Page carrières — entreprise gérée par la 2e génération de la famille Bineau,Site officiel > Carrières (jobs@) + contact (info@),2026-09-14,Élevé,"Ils cherchent à la fois un gérant d’entrepôt et un manutentionnaire : signal classique d’un terminal sous tension. PME familiale, RH publié.",Mandat mixte : superviseur d’entrepôt + bassin manutentionnaires/répartiteurs LTL. Écrire à jobs@.,Cette semaine,Seulement 2 emails vérifiables trouvés. Nom individuel du RH non publié.,C,2,5,Nouveau
6,61,C,GLS Canada,https://www.gls-canada.com,Dorval,Messagerie / tri de colis,400,"Réseau colis QC, hub 10755 Côte-de-Liesse (Dorval)","Offre publique « Trieur de colis – nuit » Dorval, 23h–5h30",2,Trieur de colis nuit ; livreurs / messagerie,Nuit 23h–5h30,,,,recrutement@gls-canada.com,Page carrières officielle GLS Canada + offre trieur nuit — recrutement@gls-canada.com,,,,,,,,recrutement@gls-canada.com,,"10755, chemin de la Côte-de-Liesse, Dorval (QC)",https://gls-group.com/CA/en/careers/,"Offre Trieur de colis – nuit, Dorval (publiée sur le canal carrières GLS)",,Site officiel carrières GLS Canada,2026-09-14,Élevé — meilleure inbox recrutement du corpus messagerie GMA,Inbox recrutement publiée + tri de nuit Dorval. C’est le contact le plus actionnable du genre Purolator.,Écrire à recrutement@ avec un bassin trieurs nuit Ouest-de-l’Île / Dorval.,File d’attente,1 email RH/recrutement réel. Rare chez les nationaux.,E,1,5,Catalogue
7,55,C,Purolator,https://www.purolator.com,Saint-Laurent,Messagerie / hubs colis,12000,"Réseau pancanadien de colis, hubs Grand Montréal (Saint-Laurent, Boucherville) et Québec",Offres publiques trieurs / préposés d’entrepôt et mécanicien classe A ; recrutement réseau en continu,3,Trieur AM Saint-Laurent / Boucherville ; préposé d’entrepôt / dock ; mécanicien classe A (quart soir),"Jour, soir, tri tôt le matin",,Talent COE (questions IA recrutement + programme coop),,TalentCOE@purolator.com,"careers.purolator.com — « For AI-related inquiries only, contact TalentCOE@purolator.com » + page Co-op « send an email to TalentCOE@purolator.com »",,"Dave Bauer, Head of Corporate Communications (articles officiels)",,david.bauer@purolator.com,Articles officiels purolator.com (investissement 1 G$ / 1 100 emplois) — « david.bauer@purolator.com »,,,TalentCOE@purolator.com,,"Réseau QC — hubs Montréal / Saint-Laurent / Boucherville ; 7000, rue Armand-Viau (Québec)",https://www.purolator.com + https://careers.purolator.com/,https://careers.purolator.com/ — offres trieurs / dock / mécanicien QC,Dave Bauer nommé sur les communiqués officiels purolator.com,Portail carrières officiel (TalentCOE@) + articles médias officiels (david.bauer@). Pas d’inbox rh@ / jobs@ Montréal publiée — candidatures via le portail.,2026-09-14,"Élevé sur TalentCOE@ (page carrières actuelle). Moyen sur david.bauer@ (publié, rôle médias, peut dater).",C’est exactement le profil demandé : hubs colis GMA qui embauchent trieurs et dock en continu. Exclu à tort de la 1re passe parce qu’il était déjà au catalogue.,Ne pas écrire à TalentCOE@ pour placer des trieurs (boîte IA/coop). Utiliser le portail + relance médias/ops locale. Offrir un bassin trieurs/caristes quarts tôt / soir Saint-Laurent–Boucherville.,File d’attente,"2 emails officiels. Aucune inbox « recrutement trieurs Montréal » type rh@ n’est publiée. Les emails trouvés par une recherche simple sont surtout TalentCOE@, comm. corp. et médias — pas une boîte TA locale.",F,2,5,Catalogue
8,55,C,UPS Canada,https://www.ups.com,Lachine,Messagerie / hub de tri,8000,"Hub Lachine (1221, 32e Avenue) — tri jour / import / soir","Package Handler Day Sort, Import, quarts flexibles Lachine — offres 2026",3,"Package handler (tri jour, import, soir) ; ingénierie système de tri (nuit)",Jour 12h–18h ; soir 15h–22h30 ; nuit 0h–8h30 (ingénierie tri),,Relations médias UPS Canada,,mediarelations@ups.com,Salle de presse officielle The UPS Store Canada — « UPS Canada : mediarelations@ups.com »,,Media Relations UPS (newsroom mondial),,pr@ups.com,about.ups.com/us/en/newsroom.html — « Media Relations (pr@ups.com) »,,,,,"1221, 32e Avenue, Lachine (QC) H8T 3H2",https://www.jobs-ups.com/ + https://about.ups.com/us/en/newsroom.html,Offres Package Handler Lachine (portail UPS 2026),,Newsrooms officielles. Aucune inbox RH/trieurs publique — portail only.,2026-09-14,Élevé sur les 2 boîtes médias. Nulle sur un contact TA local.,Hub de tri Lachine qui embauche des package handlers en continu (jour/soir/nuit). Même métier que trieur Purolator.,Ne pas spammer pr@. Approche : bassin package handlers Lachine + portail. Contact TA seulement s’ils répondent au portail.,File d’attente,2 emails médias. Zéro inbox recrutement. C’est normal : UPS est 100 % ATS.,F,2,5,Catalogue
9,50,C,Cozey,https://www.cozey.ca,Mont-Royal,E-commerce / fulfillment meubles,160,"Nouveau centre de distribution 8191, ch. Montview ; croissance d’effectif ~+36 %",Fulfilment Center Clerk sur ATS Rippling — nouveau CD Mont-Royal,1,"Commis centre de fulfillment (réception conteneurs, picking, retours)",Jour 7h–15h30 lundi–vendredi,,,,rh@cozey.ca,Page LinkedIn officielle de l’entreprise : « Send us your resume at rh@cozey.ca »,,,,support@cozey.ca,Coordonnées publiques de l’entreprise (page LinkedIn officielle),support@cozey.ca,rh@cozey.ca,,1-833-521-1089,"8191, chemin Montview, Mont-Royal (QC) H4P 2P2",https://www.cozey.ca + page LinkedIn officielle Cozey,https://ats.rippling.com/cozey/jobs/6c63d6c0-30ef-4c86-80ba-9f64ee1b8c02,,LinkedIn entreprise officiel (rh@) — pas une déduction de nom,2026-09-14,Élevé sur rh@ ; moyen sur le volume (1 offre visible),Nouveau CD + croissance d’équipe : besoin typique de commis/préparateurs avant d’avoir une grosse TA interne.,"Proposer un bassin fulfillment (réception, picking, retours) pour le nouveau site Montview.",File d’attente,Seulement 2 emails vérifiables trouvés.,D,2,4,Nouveau
10,50,C,FedEx,https://www.fedex.com,Montréal-Est,Messagerie / hub de tri,6000,"Hub 8481, place Marien (Montréal-Est) + ops Dorval","Package Handler / Non-Driver, Sort Manager, Package Handler Trainer — Montréal-Est",3,Package handler (tri 2h–10h) ; sort manager ; formateur package handlers,Nuit / tôt le matin (ex. sam–mer 2h–10h ; formateur 4h–11h),,FedEx Media Relations US & Canada,,mediarelations@fedex.com,newsroom.fedex.com/media-requests-and-resources — « email mediarelations@fedex.com »,,,,,,,,,,"8481, place Marien, Montréal-Est (QC) H1B 5W6",https://careers.fedex.com/,https://careers.fedex.com/package-handler-non-driver-warehouse-like/job/P25-93318-6,,Newsroom officiel. Portail carrières sans inbox RH publique.,2026-09-14,Élevé sur l’email médias. Nulle sur TA locale.,Hub Montréal-Est qui trie la nuit — même besoin que Purolator Saint-Laurent.,Bassin package handlers nuit Montréal-Est. Candidatures via careers.fedex.com seulement.,File d’attente,1 email médias. Pas de rh@ / jobs@ Canada publié.,F,1,5,Catalogue
11,50,C,GoBolt,https://www.gobolt.com,Montréal,3PL / last mile / fulfillment,200,"Entrepôt 429, rue Deslauriers (H4N) ; last-mile + fulfillment NA",Warehouse Associate Montréal affiché sur ATS Rippling,1,"Manutentionnaire d’entrepôt (pick/pack, quais, FIFO)",Lundi–vendredi,Art Lee,Founder & CEO (présenté sur gobolt.com),,,,,,,,,,,,,"429, rue Deslauriers, Montréal (QC) H4N 1W8",https://www.gobolt.com + offre Rippling,https://ats.rippling.com/en-CA/gobolt/jobs/e1aa7a9b-5ba7-45de-98d9-8b04e82da9ea,"Page entreprise officielle — Art Lee, Founder & CEO",Aucun courriel RH/général publié sur le site (formulaire seulement). hello@ vu sur Trustpilot : NON retenu.,2026-09-14,"Moyen — offre réelle, email absent","3PL last-mile + entrepôt Ahuntsic/Saint-Laurent, embauche de manutentionnaires. Plus petit qu’Amazon.",Bassin pick-pack Deslauriers ; ne pas écrire au CEO pour un commis.,File d’attente,0 email vérifiable sur source officielle. Cellules email vides.,D,0,3,Nouveau
12,50,C,Postes Canada,https://www.canadapost-postescanada.ca,Montréal,Messagerie / usines de tri,50000,"Usines de tri et dépôts QC, recrutement de masse","Portail emplois officiel — métiers d’entrepôt, tri, livraison, quarts",3,Préposé au tri ; factrice/facteur ; métiers d’entrepôt,Quarts usine de tri (jour/soir/nuit),,Centre des médias,,media@canadapost.ca,Centre des médias officiel canadapost-postescanada.ca,,,,,,,,,,Usines de tri et dépôts QC,https://www.canadapost-postescanada.ca,Portail emplois officiel Postes Canada,,Centre des médias officiel. Recrutement = portail seulement.,2026-09-14,Élevé sur media@. Nulle sur RH.,"Usines de tri QC — volume trieurs énorme, mais recrutement 100 % centralisé.","Priorité basse pour un 1er contact commercial (fédéral, ATS). Utile comme benchmark volume.",File d’attente,1 email médias. Pas d’inbox RH publique.,F,1,4,Catalogue
13,50,C,Sysco Québec,https://www.sysco.ca,Montréal,Distribution alimentaire / CD,3000,"CD foodservice — préparateurs, caristes, chauffeurs, chambre froide",Page Sysco Recrute Grand Montréal — rh@ publié,3,Caristes ; préparateurs ; chauffeurs-livreurs ; chambre froide,Entrepôt alimentaire multi-quarts,,Sysco Recrute Grand Montréal,,rh@mtl.sysco.ca,Page officielle sysco.ca/grandmontreal/Recrute,,,,,,,rh@mtl.sysco.ca,,,Grand Montréal (QC),https://www.sysco.ca/grandmontreal/Recrute,https://careers.sysco.com/,,Page recrutement officielle Grand Montréal,2026-09-14,Élevé,"CD alimentaire GMA — caristes/nuit, inbox RH locale.",Caristes / préparateurs chambre froide à rh@mtl.sysco.ca.,File d’attente,1 email RH local. Excellent contact.,F,1,5,Catalogue
14,50,C,Transport L.F.L.,https://transportlfl.com,Montréal,Transport,200,"Transporteur QC, RH nommée sur le site",Page qui-nous-sommes — directrice RH publiée,1,Chauffeurs ; ops transport,,Lindsay Longchamps,Directrice RH et conformité,,lindsay.longchamps@transportlfl.com,Site officiel transportlfl.com/qui-nous-sommes/ — courriel publié (pas déduit),,,,,,,,,,Québec / Grand Montréal,https://transportlfl.com/qui-nous-sommes/,,Page officielle — Lindsay Longchamps,Site officiel — nom + courriel publiés ensemble,2026-09-14,Élevé,RH nommé + email publié. Plus accessible qu’un national.,Contacter Lindsay pour chauffeurs / renforts ops.,File d’attente,1 email direct publié (pas une déduction prenom.nom).,D,1,3,Catalogue
15,46,D,Termont,https://termont.com,Montréal,Terminal portuaire / quais,400,Terminal à conteneurs Port de Montréal,"Page carrières — Talent Acquisition, CV à carriere@",1,Ops terminal ; métiers de quai / maintenance,Ops port 24/7,,Talent Acquisition,,carriere@termont.com,Page carrières officielle termont.com/careers/,,,,,,,,carriere@termont.com,,Port de Montréal (QC),https://termont.com/careers/,https://termont.com/careers/,,Site officiel carrières,2026-09-14,Élevé,"Quais portuaires — métiers physiques 24/7, inbox carrières.",Métiers de quai / maintenance à carriere@.,Ne pas prioriser,1 email recrutement.,E,1,3,Catalogue
16,45,D,Colabor,https://www.colabor.com,Saint-Bruno-de-Montarville,Distribution alimentaire / CD,700,"Entrepôt Saint-Bruno + Lévis, Rimouski, Chicoutimi — caristes, préparateurs, chauffeurs",info@ publié ; caristes / préparateurs / chauffeurs,2,Caristes ; préparateurs ; chauffeurs,CD alimentaire,,,,info@colabor.com,Site officiel — courriel publié (fiche catalogue),,,,,,info@colabor.com,,,,"1601, René-Descartes, Saint-Bruno-de-Montarville (QC)",https://www.colabor.com,Portail / page carrières Colabor,,Site officiel,2026-09-14,Élevé sur info@,"CD alimentaire Rive-Sud, plus accessible qu’un géant.",Caristes / préparateurs Saint-Bruno à info@.,Ne pas prioriser,1 email général.,F,1,4,Catalogue
17,45,D,FortNine,https://www.fortnine.ca,Montréal,E-commerce / entrepôt powersports,80,"Entrepôt e-comm (Canada's Motorcycle / FortNine), horaires variables incl. week-end","Warehouse Associate — picking, horaire flexible dont week-ends (sept. 2026)",1,Commis d’entrepôt — préparation de commandes,Flexible / week-ends possibles,,,,,,,,,,,,,,,Montréal (QC),https://www.fortnine.ca,Offre Warehouse Associate / Commis d’entrepôt — préparation de commandes (sept. 2026),,Aucun courriel public vérifié.,2026-09-14,Moyen,"E-comm en croissance, picking + week-end : besoin opérationnel classique Talendus.",Préparateurs d’entrepôt à horaires flexibles.,Ne pas prioriser,0 email vérifiable. Ne pas inventer careers@fortnine.,C,0,3,Nouveau
18,45,D,Frigologix,https://frigologix.ca,Dorval,Entrepôt frigorifique / 3PL,20,"Entrepôt surgelé 35 000 pi² ouvert 2023, BRCGS, sous douane, 5000 palettes — aéroport",Nouvelle installation 2023 + ops froid 24/7 typiques ; emails service publiés,0,,Ops froid (souvent multi-quarts — non daté sur le site),,,,csr.team@frigologix.ca,Page Contact officielle frigologix.ca/contact/,,,,info@frigologix.ca,Pages services / accueil officielles frigologix.ca,csr.team@frigologix.ca,,,514-683-1212,"107, rue Avro, Dorval (QC) H9P 0A8",https://frigologix.ca et https://frigologix.ca/contact/,,,Site officiel > Contact (csr.team@) + pages services (info@),2026-09-14,Élevé sur les emails ; moyen sur les offres (aucune datée aujourd’hui),"Nouvel entrepôt surgelé Dorval : main-d’œuvre froid difficile. PME, pas un Lineage.",Bassin caristes/manutentionnaires chambre froide près de l’aéroport.,Ne pas prioriser,2 emails vérifiables. Pas d’offre d’emploi datée au 2026-09-14.,A,2,3,Nouveau
19,45,D,Groupe Fastfrate,https://www.fastfrate.com,Lachine,Transport LTL / quai / last-mile,900,"LTL, entreposage, final mile, terminal Lachine — quai tous terminaux",Travailleur de quai (tous les terminaux) + commis facturation Lachine (mardi–samedi),2,Travailleur de quai ; commis facturation Lachine ; manutention ; chauffeurs,Quai multi-sites ; bureau Lachine mardi–samedi,,,,careers@www.fastfrate.com,Page officielle fastfrate.com/en/carrieres/ — « curriculum vitae à careers@www.fastfrate.com » (domaine email tel que publié),,,,,,,,careers@www.fastfrate.com,,Terminal Lachine (QC) — siège Woodbridge (ON),https://www.fastfrate.com/en/carrieres/,Travailleur de quai (tous terminaux) + Billing Clerk Lachine,,Page carrières officielle. Adresse telle quelle (careers@www.fastfrate.com).,2026-09-14,"Élevé — publié sur la page carrières. Format de domaine inhabituel, à tester.",Quais Lachine + last-mile : même bassin caristes/manutentionnaires que les messageries.,"CV travailleurs de quai Lachine à careers@www.fastfrate.com, objet + lieu.",Ne pas prioriser,1 email tel que publié. Ne pas « corriger » en careers@fastfrate.com.,F,1,4,Nouveau
20,45,D,Groupe Guilbault,https://www.groupeguilbault.com,Boucherville,Transport / entreposage,800,"Transport et entreposage (Québec, Boucherville, Saint-Georges)","Caristes, entreposeurs, chauffeurs, mécanique — service recrutement publié",2,Caristes ; entreposeurs ; chauffeurs ; mécanique,Entrepôt / routes,,Service recrutement,,rh@groupeguilbault.com,Fiche catalogue / site carrières — service recrutement rh@groupeguilbault.com,,,,,,,rh@groupeguilbault.com,,,Boucherville / Québec / Saint-Georges,https://www.groupeguilbault.com,Page carrières Groupe Guilbault,,Site / fiche catalogue (rh@ publié),2026-09-14,Élevé,PME/mid-market QC qui embauche caristes — inbox RH réelle.,Bassin caristes / entreposeurs Boucherville à rh@.,Ne pas prioriser,1 email RH.,F,1,4,Catalogue
21,45,D,J.G. Rive-Sud & Légumes,,Longueuil,Distribution alimentaire,40,"Livraison produits frais HRI, camions 26' reefers, 12–20 arrêts/jour GMA",2 chauffeurs classe 3 temps plein/partiel (offre juin 2026),2,Chauffeur-livreur classe 3,"Jour, horaire 2 à 5 jours",,,,,,,,,,,,,,,Rive-Sud de Montréal (QC),Offre employeur J.G. Rive-Sud & Légumes Inc. (affichage public 2026),Offre Chauffeur Livreur Classe 3 — 2 postes,,Aucun courriel public dans l’offre (candidature via portail).,2026-09-14,"Moyen — signal fort, contact faible",PME alimentaire qui cherche 2 livreurs à la fois : pénurie de classe 3 locale.,"Deux chauffeurs classe 3 reefers, horaires flexibles.",Ne pas prioriser,0 email. Site web non confirmé.,B,0,4,Nouveau
22,45,D,K-Logistics,https://www.klogistics.ca,Montréal,3PL / e-commerce,25,"Entreposage, pick & pack, alimentaire sec, FBA, cross-dock — 15+ ans",Commis Pick Pack Ship affiché sur le site officiel (section Carrières),1,Commis pick pack ship,"Non précisé (ops e-comm, rush -4h mentionné)",,,,info@klogistics.ca,Site officiel klogistics.ca — « E-mail : info@klogistics.ca »,,,,,,info@klogistics.ca,,,514-443-6124,"8584, boulevard Pie-IX, Montréal (QC) H1Z 4G2",https://www.klogistics.ca,https://www.klogistics.ca — bloc Carrières Commis Pick Pack Ship,,Site officiel > pied de page / contact,2026-09-14,Élevé sur l’email ; moyen sur le volume,3PL PME Saint-Michel qui affiche déjà un besoin pick-pack. Décideur probablement owner-led.,Proposer 2–4 commis pick-pack flexibles (rush e-comm / FBA) plutôt qu’un ATS.,Ne pas prioriser,Seulement 1 email vérifiable trouvé.,A,1,3,Nouveau
23,45,D,Transport Besner,https://www.transport-besner.com,Boucherville,Transport / logistique,600,"Transport QC, RH à Lévis, possibilité Montréal ; page emplois publie recrutement@",Page Carrières : « communiquez avec RH — recrutement@besner.com » + brokers/chauffeurs,2,Chauffeurs / brokers ; mécanicien ; logistique ; répartition,,,Ressources humaines,,recrutement@besner.com,Page Carrières officielle transport-besner.com/jobs — « Par courriel : recrutement@besner.com »,,,,,,,,recrutement@besner.com,418-834-0463 poste 2323,"1950, 3e Rue, Lévis (QC) — ops aussi Boucherville / Montréal",https://www.transport-besner.com/jobs,Même page + offres brokers (possibilité Montréal),,Page carrières officielle,2026-09-14,Élevé,"Inbox recrutement publiée, déjà dans la veille Indeed.",Chauffeurs / logistique à recrutement@besner.com.,Ne pas prioriser,1 email RH. vmarceau@ vu sur un agrégateur — non retenu (pas le site).,F,1,4,Veille Indeed
24,45,D,Transport Bourassa,https://bourassa.ca,Saint-Jean-sur-Richelieu,Transport LTL / entrepôt,600,"LTL Québec / Ontario / É.-U. — chauffeurs, manutention, mécaniciens","Page carrières : recrutement@bourassa.ca — chauffeurs, manutention, mécaniciens",2,Chauffeurs ; manutention ; mécaniciens ; administration,,,,,recrutement@bourassa.ca,Page carrières officielle bourassa.ca/en/careers/ — déjà sur la fiche catalogue,,,,,,,,recrutement@bourassa.ca,450-346-5313,"800, rue de Dijon, Saint-Jean-sur-Richelieu (QC) J3B 8G3",https://bourassa.ca,https://bourassa.ca/en/careers/,,Page carrières officielle,2026-09-14,Élevé,"LTL Rive-Sud avec inbox recrutement — déjà au catalogue, exclu à tort de la 1re passe.",Manutentionnaires / chauffeurs à recrutement@bourassa.ca.,Ne pas prioriser,1 email recrutement. Était déjà dans la base.,F,1,4,Catalogue
25,41,D,Boutin 3PL,https://www.boutin3pl.com,Boucherville,3PL alimentaire,15,"Préparation commandes, transbordement conteneurs, certifié SQF, depuis 1945",Croissance d’équipe LinkedIn (+6) ; ops alimentaire Boucherville,0,,,Jean-Philippe Boutin,Direction (signataire public LinkedIn entreprise),,info@boutin3pl.com,Page Contact officielle boutin3pl.com/en/contact-us/,,Jean-Philippe Boutin,,renseignements.personnels@boutin3pl.com,Politique de confidentialité officielle boutin3pl.com/politique/,info@boutin3pl.com,,,1-450-906-8900,"1400, Graham-Bell, Boucherville (QC) J4B 6H5",https://www.boutin3pl.com/en/contact-us/,,Politique de confidentialité — Jean-Philippe Boutin,Site officiel EN contact (info@) + politique (renseignements.personnels@),2026-09-14,Élevé sur info@,3PL alimentaire Rive-Sud — email officiel confirmé sur la page Contact EN.,Préparateurs / caristes SQF à info@.,Ne pas prioriser,2 emails. Doublon catalogue BOUTIN 3PL fusionné à l’export.,A,2,2,Nouveau
26,41,D,XTL Transport,https://www.xtl.com,Montréal,Transport / logistique,400,"Flotte + répartition Montréal, transport/distribution",Répartiteur / Dispatch — page carrière officielle applytojob,1,Répartiteur / dispatch,Ops (non détaillé),Frédérick,Contact recrutement mentionné (poste 5147),,,,,,,,,,,,514-636-1499 poste 5147,Montréal (QC),https://www.xtl.com,https://xtltransportlogistics.applytojob.com/apply/xN8e3JRnIX/Rpartiteur-Dispatch,Offre officielle : « contacter Frédérick au 514-636-1499 poste 5147 »,Aucun courriel publié sur l’offre (téléphone seulement).,2026-09-14,Moyen,Répartiteur = poste clé difficile. Taille mid-market Montréal.,"Mandat répartiteur bilingue, pas un volume d’entrepôt.",Ne pas prioriser,0 email. Prénom seulement — pas inventé en fiche complète.,E,0,3,Nouveau
27,40,D,Amazon Canada,https://www.amazon.jobs,Montréal,Fulfillment / entrepôt,8000,"Centres de fulfillment QC — associés, caristes, quarts rotatifs",Portail amazon.jobs — volume élevé,5,Associés ; caristes ; supervision,Quarts rotatifs,,,,,,,,,,,,,,,Fulfillment QC,https://www.amazon.jobs,https://www.amazon.jobs,,Aucun courriel RH public — 100 % portail.,2026-09-14,Élevé sur le volume ; nulle sur l’email,Volume caristes maximal. Recrutement injoignable par courriel.,Ne pas prioriser un cold email. Portail seulement.,Ne pas prioriser,0 email. Pénalité centralisation.,F,0,5,Catalogue
28,40,D,DSV,https://www.dsv.com,Saint-Laurent,3PL / transit / entrepôt,2500,"Bureaux et entrepôts Saint-Laurent, Pointe-Claire, Vaudreuil-Dorion — 73 offres CA dont ~44 GMA","Volume d’offres CA élevé (Vaudreuil, Saint-Laurent, Pointe-Claire) + poste TA Saint-Laurent",5,Entrepôt ; transitaires ; opérations ; talent acquisition Saint-Laurent,Entrepôt / bureau,,RH Canada (alerte fraude / légitimité des offres),,HR@ca.dsv.com,Pied de page officiel des offres jobs.dsv.com — « reach out to HR@ca.dsv.com »,,,,,,,HR@ca.dsv.com,,,Saint-Laurent / Pointe-Claire / Vaudreuil-Dorion (QC),https://www.dsv.com/en-ca/careers,https://www.dsv.com/en-ca/careers/job-search — 73 postes Canada,,Offres officielles DSV Canada (bloc FRAUD ALERT),2026-09-14,Élevé — publié sur chaque offre CA. Boîte de vérification plus que de candidature.,Gros 3PL GMA avec entrepôts Vaudreuil/Saint-Laurent et une TA sur place.,"Candidatures via jobs.dsv.com. HR@ seulement pour un contact RH Canada légitime, pas pour spammer des CV.",Ne pas prioriser,1 email RH Canada. Recrutement = portail.,F,1,4,Catalogue
29,40,D,Groupe Beauchesne,,Laval,Distribution / entrepôt,50,Entrepôt Laval — cariste de soir,Cariste de soir — Entrepôt Laval (agrégateur Indeed),1,Cariste de soir,Soir,,,,,,,,,,,,,,,Laval (QC),Offre « Cariste de soir-Entrepôt Laval » — Groupe Beauchesne,Indeed / agrégateurs — Laval,,Aucun courriel public.,2026-09-14,Moyen-faible,Cariste de soir Laval — besoin opérationnel clair.,Caristes soir Laval.,Ne pas prioriser,0 email. Confirmer le site avant envoi.,B,0,3,Nouveau
30,40,D,Groupe Robert,https://robert.ca,Montréal,Transport / entreposage,2000,"Un des plus grands transporteurs QC — chauffeurs, caristes, journaliers d’entrepôt","Recrutement récurrent chauffeurs, caristes, dock, mécaniciens",3,Chauffeurs ; caristes ; journaliers d’entrepôt ; mécaniciens,Quais / routes (multi-quarts),,,,cv@robert.ca,Centre de recrutement officiel robert.ca/fr/postes/1,,,,,,,,cv@robert.ca,,Réseau QC,https://robert.ca,https://robert.ca/fr/postes/1,,Site officiel — centre de recrutement,2026-09-14,Élevé,Gros employeur QC caristes/dock — inbox CV publiée.,Bassin caristes / journaliers d’entrepôt à cv@robert.ca.,Ne pas prioriser,1 email recrutement.,F,1,4,Catalogue
31,40,D,Madessa,,Montréal,Manufacturier / entrepôt,80,Ops industrielles Montréal — cariste continental de nuit,Cariste continental de nuit — offre active (août–sept. 2026),1,Cariste continental de nuit,Nuit,,,,,,,,,,,,,,,Montréal (QC),"Offre employeur Madessa (agrégateurs d’emploi, août 2026)",Cariste continental de nuit à Montréal,,Aucun courriel public.,2026-09-14,Moyen-faible (site non confirmé),Quart de nuit cariste — profil Talendus cœur de métier.,Caristes nuit seulement.,Ne pas prioriser,0 email. Site officiel non confirmé — ne pas prioriser sans revalidation.,C,0,3,Nouveau
32,40,D,QSL,https://qsl.com,Montréal,Manutention portuaire,1200,Stevedoring / ops portuaires QC,Ops portuaires — métiers de quai,1,Manutention portuaire ; ops,Quais,,,,info@qsl.com,Site officiel qsl.com/fr/,,,,,,info@qsl.com,,,,Ports QC,https://qsl.com/fr/,,,Accueil officiel,2026-09-14,Élevé sur info@,Manutention portuaire — cousin des quais messagerie.,info@ pour un premier contact ops/RH.,Ne pas prioriser,1 email général.,F,1,3,Catalogue
33,40,D,Remorquage Unipro,https://remorquageunipro.ca,Dorval,Transport spécialisé / remorquage,25,"Répartition remorquage léger/lourd, Dorval, quarts jour/soir/week-end",Répartiteur jour/soir/week-end — page carrière officielle,1,Répartiteur / répartitrice — transport et remorquage,Jour / soir / fin de semaine,,,,,,,,,,,,,,514-685-0300,Dorval (QC),https://remorquageunipro.ca,https://remorquageunipro.ca/carriere/repartiteur-repartitrice-transport-et-remorquage/,,Aucun courriel sur la page carrière (téléphone seulement).,2026-09-14,Moyen,"Répartition multi-quarts près de l’aéroport — poste stress, roulement élevé.",Répartiteur bilingue soir/week-end.,Ne pas prioriser,0 email vérifiable.,A,0,3,Nouveau
34,40,D,Ryder Canada,https://www.ryder.com,Lachine,3PL / entrepôt / transport,2500,"Entrepôts et flotte QC (Lachine, Pointe-Claire) — caristes, commis, chauffeurs",Veille Indeed : recruteur chauffeurs et entrepôt ; page contact Canada publie careers@,3,Warehouse associates ; forklift operators ; chauffeurs ; material handler,Entrepôt multi-quarts,,Travailler chez Ryder / questions processus,,careers@ryder.com,Page Contact Canada officielle ryder.com/fr-ca/contact-us — « Travailler chez Ryder : careers@ryder.com » + portail iCIMS,,,,,,,,careers@ryder.com,1-905-826-8777,Lachine / Pointe-Claire (QC) — siège CA Concord (ON),https://www.ryder.com/fr-ca/careers,https://jobs.ryder.com/ — warehousing,,Page contact officielle Canada,2026-09-14,Élevé,3PL entrepôt GMA déjà vu dans la veille Indeed. Inbox careers@ publiée.,Caristes / commis Lachine–Pointe-Claire à careers@ + portail.,Ne pas prioriser,1 email recrutement. Un recruteur nommé sur une offre (salwa_…) n’est pas recopié ici (offre datée).,F,1,4,Veille Indeed
35,40,D,SAQ,https://www.saq.com,Montréal,CD / distribution,7000,"CD et magasin — caristes, préparateurs, conseillers","Portail carrières SAQ très actif (entrepôt, caristes)",3,Caristes ; préparateurs de commandes ; conseillers,CD multi-quarts,,Demandes générales (aspects légaux),,demandes@saq.com,Page aspects légaux officielle saq.com/en/legal-aspects,,,,,,demandes@saq.com,,,,CD SAQ QC,https://www.saq.com/fr/carrieres,https://www.saq.com/fr/carrieres,,Page légale. Recrutement = portail.,2026-09-14,Élevé sur demandes@ ; nulle sur RH,Gros employeur caristes QC.,Portail SAQ. demandes@ n’est pas RH.,Ne pas prioriser,1 email général.,F,1,4,Catalogue
36,40,D,Sobeys Québec,https://www.sobeyscareers.com,Montréal,CD alimentaire,20000,"Entrepôts IGA / Sobeys QC — caristes, préparateurs",Portail sobeyscareers.com — recrutement massif caristes,3,Caristes ; préparateurs ; maintenance d’entrepôt,CD alimentaire multi-quarts,,,,,,,,,,,,,,,CD IGA / Sobeys QC,https://www.sobeyscareers.com/,https://www.sobeyscareers.com/,,Aucun courriel RH public — portail only.,2026-09-14,Élevé sur le volume ; nulle sur l’email,Gros employeur caristes QC.,Portail Sobeys. Pas d’inbox.,Ne pas prioriser,0 email.,F,0,5,Catalogue
37,40,D,Walmart Canada,https://www.walmartcanada.ca,Montréal,CD commerce,10000,CD et magasins QC,Recrutement volume entrepôt / magasin,2,Entrepôt ; magasin,CD,,Relations clients Canada (pas RH),,cacustrel@wal-mart.com,Politiques officielles walmartcanada.ca/policies,,,,,,cacustrel@wal-mart.com,,,,CD / magasins QC,https://www.walmartcanada.ca/policies,Portail carrières Walmart,,Politiques Canada. Pas une inbox recrutement.,2026-09-14,Élevé sur cacustrel@ ; nulle sur RH,"Volume CD, déjà au catalogue. Contact RH = portail.",Ne pas pitcher cacustrel@. Portail Walmart.,Ne pas prioriser,1 email service client.,F,1,3,Catalogue
38,36,D,Caratrans Logistique,https://www.caratrans.com,Montréal,3PL / transport,10,"Logistique et transport spécialisés, très petite équipe","Coordonnateur logistique recherché (publication LinkedIn entreprise, 2024) — à reconfirmer",0,Coordonnateur(trice) logistique (signal antérieur),,Marie Michelle Caron,Directrice Opérations et Solutions Clients,https://www.linkedin.com/in/marie-michelle-caron-7538b7132,,,,,,,,,,,,Montréal (QC),Page LinkedIn entreprise Groupe Caratrans,Publication LinkedIn entreprise 2024 — coordonnateur logistique,Profil LinkedIn public Marie Michelle Caron,Aucun email professionnel public trouvé. Ne pas inventer.,2026-09-14,Moyen sur la personne ; faible sur l’offre actuelle,Décideuse ops identifiée dans une micro-3PL — conversion owner/ops.,Parler à la directrice ops d’un renfort coordonnateur / chauffeur selon volume.,Ne pas prioriser,0 email. Offre 2024 non reconfirmée en 2026.,A,0,2,Nouveau
39,35,D,Bulletproof Logistics,https://www.bulletprooflogistics.com,Pointe-Claire,3PL / fulfillment e-comm,40,"Fulfillment DTC, WMS, transport, réseau multi-entrepôts — Sources",3PL e-comm en croissance (pas d’offre dénombrée aujourd’hui),0,,,,,,info@bulletprooflogistics.com,Site officiel homepage — bloc contact 2001 boul. des Sources,,,,,,info@bulletprooflogistics.com,,,1-855-275-1888,"2001, boulevard des Sources, bureau 102, Pointe-Claire (QC) H9R 5Z4",https://www.bulletprooflogistics.com,,,Site officiel > contact homepage,2026-09-14,Moyen,"3PL Ouest-de-l’Île, taille contactable. Utile dès qu’une vague pick-pack apparaît.","Se positionner pour les pics e-comm (préparateurs, emballeurs, caristes).",Ne pas prioriser,Seulement 1 email vérifiable. Score besoin 2/5.,B,1,2,Nouveau
40,35,D,Canpar Express,https://www.canpar.com,Montréal,Messagerie / colis,1700,"Colis TFI, 55 terminaux, opérations QC",Page carrières + job fairs ; CV demandés à recruitment@,2,"Messagerie, quai, chauffeurs, owner-operator",Quais / routes (multi-quarts typiques),,,,recruitment@canpar.com,Publications LinkedIn officielles Canpar Express (job fairs 2025–2026) — « email your resume to recruitment@canpar.com »,,,,customerservice@canpar.com,Page confidentialité officielle canpar.com/en/about/privacy.htm,customerservice@canpar.com,,recruitment@canpar.com,,Terminaux QC (réseau national),https://www.canpar.com/en/careers/careers.htm,Page carrières Canpar + posts LinkedIn entreprise,,LinkedIn entreprise officiel (recruitment@) + privacy officielle (customerservice@),2026-09-14,"Élevé sur customerservice@ ; élevé-moyen sur recruitment@ (publié par la page entreprise, pas le site HTML)","Sœur TFI de Loomis — mêmes quais colis, inbox recrutement publiée.",CV quais / chauffeurs GMA à recruitment@.,Ne pas prioriser,"2 emails. recruitment@ vu sur LinkedIn entreprise, pas sur le HTML careers.htm.",F,2,4,Catalogue
41,35,D,Logistik Unicorp,https://www.logistikunicorp.com,Saint-Jean-sur-Richelieu,Logistique textile / entrepôt,1200,"CD uniforme / textile, 820 ch. du Grand Bernier Nord",Veille Indeed — conseiller acquisition de talents ; page carrières « contactez RH »,2,Entrepôt textile ; TA ; commis,Entrepôt,,,,info@logistikunicorp.com,Page LinkedIn officielle de l’entreprise — email publié,,,,,,info@logistikunicorp.com,,,1-888-326-8688,"820, chemin du Grand Bernier Nord, Saint-Jean-sur-Richelieu (QC) J2W 0A6",https://www.logistikunicorp.com/carrieres/post.asp,Portail carrières Logistik Unicorp,,LinkedIn entreprise (info@). rh@logistikunicorp.com non vu — non inventé.,2026-09-14,"Moyen sur info@ (LinkedIn entreprise, pas le HTML carrières)","Gros CD Rive-Sud, TA interne.",Portail + info@ si besoin. Ne pas inventer rh@.,Ne pas prioriser,1 email général. Page carrières dit « contactez RH » sans publier l’adresse.,F,1,3,Veille Indeed
42,35,D,Metro Supply Chain,https://www.metroscg.com,Montréal,3PL / entrepôt,4000,Siège 1002 Sherbrooke O. — conçoit et opère des entrepôts pour des marques,Veille Indeed — Talent Acquisition Specialist ; warehouse & transportation,2,Warehouse & transportation operations ; TA,Entrepôt,Mona Stefan,Talent Acquisition Manager (LinkedIn public),https://www.linkedin.com/in/monastefan,,,,,,,,,,,,"1002, rue Sherbrooke Ouest, bureau 2000, Montréal (QC) H3A 3L6",https://www.metroscg.com/our-company/careers/,Portail carrières Metro SCG,LinkedIn public Mona Stefan — aucun email publié,Aucun courriel public. Formats prenom.nom@ interdits.,2026-09-14,Élevé sur la personne TA ; nulle sur l’email,"3PL montréalais de taille, TA interne. Pas d’inbox — contacter via portail / LinkedIn.","Ne pas inventer mona.stefan@. Message LinkedIn + portail, bassin caristes.",Ne pas prioriser,0 email. Personne TA identifiée sans courriel.,F,0,4,Veille Indeed
43,31,D,LPF Logistique,https://lpf-logistique.com,Montréal,Dernier kilomètre / 3PL local,12,"Livraison jour même, tournées pharmacies/cliniques, e-comm, flotte électrique",Service urgence + jour même (besoin livreurs structurel),0,,Lun–ven 8h–18h + urgence,,,,info@lpf-logistique.com,Site officiel lpf-logistique.com — section Contact,,,,,,info@lpf-logistique.com,,,514-865-2873,Montréal (QC),https://lpf-logistique.com,,,Site officiel > Contact,2026-09-14,Moyen,Last-mile local : livreurs classe 5 difficiles à garder. Très petite structure.,"Livreurs / aides last-mile Grand Montréal, pas un mandat usine.",Ne pas prioriser,Seulement 1 email vérifiable. Adresse civique non publiée.,A,1,2,Nouveau
44,31,D,Tandem 3PL,https://tandem.ca,Longueuil,3PL e-commerce,8,"Picking/packing 7 j/7, entrepôt Longueuil, marques e-comm QC",Ops 7 jours (publié) ; micro-équipe 7 pers. — tout départ pèse,0,,7 jours / préparation 24 h,,,,info@tandem.ca,Page officielle tandem.ca/en/3-months-free/ — Contact us directly,,,,,,info@tandem.ca,,,438-355-3975,Longueuil (QC) — entrepôt 3PL e-comm,https://tandem.ca et page LinkedIn officielle Tandem 3PL (7 employés),,,Site officiel tandem.ca (info@tandem.ca),2026-09-14,Moyen-élevé sur le contact ; petit volume,Micro-3PL 7 j/7 : un arrêt maladie crée un trou. Plus facile à convertir qu’un national.,"Renfort pick-pack week-end / 7 j, pas un département RH.",Ne pas prioriser,Seulement 1 email vérifiable. LinkedIn indique 7 employés.,A,1,3,Nouveau
45,30,D,Canadian Tire,https://corp.canadiantire.ca,Montréal,CD commerce,8000,CD et réseau magasin — caristes / entrepôt,FAQ carrières publie careers@,2,Caristes ; entrepôt ; magasin,CD,,,,careers@cantire.com,FAQ carrières officielle corp.canadiantire.ca/English/careers/default.aspx,,,,,,,,careers@cantire.com,,CD / magasins QC,https://corp.canadiantire.ca/English/careers/default.aspx,Portail carrières Canadian Tire,,FAQ carrières officielle,2026-09-14,Élevé sur careers@,Inbox carrières publiée + volume CD.,Caristes CD à careers@cantire.com.,Ne pas prioriser,"1 email recrutement (corporate, pas un TA local).",F,1,3,Catalogue
46,30,D,ICS Courier,https://www.icscourier.ca,Dorval,Messagerie / tri de colis,1200,"Messagerie TFI (1978), 35 terminaux, tri Dorval / Laval / Québec",Commis au triage Dorval ; trieur de colis nuit Québec (23h30–8h) ; ops Laval,2,Commis au triage / mail sorter ; trieur de petit colis nuit ; suivi des opérations,"Soir, nuit (ex. 23h30–8h), 4 h",,,,,,,,,,,,,,,Dorval / Laval (QC),https://www.icscourier.ca/ics-careers.aspx,Offres commis au triage Dorval + trieur nuit Québec (agrégateurs 2026),,Aucun courriel public assez fiable. Page carrières = portail. Un prénom@ dans une offre tierce n’est pas retenu.,2026-09-14,Moyen sur le volume tri ; faible sur le contact,Même métier que Purolator/GLS : trieurs nuit Dorval. Groupe TFI.,Candidatures via icscourier.ca/ics-careers. Ne pas inventer careers@icscourier.ca.,Ne pas prioriser,0 email. Portail only.,F,0,4,Nouveau
47,30,D,Loomis Express,https://www.loomis-express.com,Montréal,Messagerie / quai,800,"Messagerie nationale (TFI), quais et livreurs QC",Page carrières : CV à careers@ ; embauches warehouse / owner-operator sur le réseau,2,Préposé d’entrepôt / quai ; chauffeurs / owner-operator ; messagerie,Quais multi-quarts (typique messagerie),,,,careers@loomis-express.com,Page officielle loomis-express.com/loomship/Home/Careers — « click here (careers@loomis-express.com) to submit a resume »,,,,,,,,careers@loomis-express.com,1-855-256-6647,Opérations QC (TFI International),https://www.loomis-express.com/loomship/Home/Careers,"Même page carrières — CV par courriel, indiquer poste + lieu",,Page Carrières officielle Loomis Express,2026-09-14,Élevé — inbox carrières publiée,Messagerie TFI qui accepte encore les CV par courriel (pas seulement un ATS).,CV quais / warehouse GMA à careers@ avec objet « Warehouse – Montréal ».,Ne pas prioriser,1 email recrutement. Taille nationale : recrutement plus centralisé.,F,1,4,Catalogue
48,25,D,3PL Montréal,https://3plmtl.com,Montréal-Nord,3PL / entreposage,20,"Entrepôt 6789 boul. Léger, production/assemblage, expédition, surveillance",Ops 3PL actives (heures 7h30–15h30 publiées) — offre non listée aujourd’hui,0,,Jour 7h30–15h30,,,,info@3plmtl.com,Site officiel 3plmtl.com — Reach Us / E-mail,,,,,,info@3plmtl.com,,,514-509-8150,"6789, boulevard Léger, Montréal-Nord (QC) H1G 6E9",https://3plmtl.com,,,Site officiel > Reach Us,2026-09-14,Moyen,"Petit 3PL Nord-de-l’Île, owner-led probable, pas de TA interne.",Offrir commis d’entrepôt / caristes à la journée selon volume clients.,Ne pas prioriser,Seulement 1 email vérifiable.,A,1,2,Nouveau
49,25,D,Day & Ross,https://www.dayross.com,Montréal,Transport LTL / quai,1500,"LTL, terminaux QC, chauffeurs et dock",Portail carrières — chauffeurs et quai,1,Chauffeurs ; quai ; mécaniciens,Quai / routes,,Équipe ventes (pas RH),,sales@dayross.com,Site officiel dayross.com/evolution,,,,,,sales@dayross.com,,,,Terminaux QC,https://www.dayross.com/careers,Portail carrières Day & Ross,,Site officiel ventes. Pas d’inbox RH publique.,2026-09-14,Élevé sur sales@ ; nulle sur RH,Terminaux LTL QC — quais. Contact RH = portail.,Ne pas pitcher sales@. Utiliser le portail carrières.,Ne pas prioriser,1 email ventes seulement.,F,1,3,Catalogue
50,25,D,Entrepôt de Montréal 1470 (Groupe Monaco),https://groupe-monaco.ca,Montréal,Distribution pièces auto,150,"CD 160 000 pi², 240 000 SKU, livraisons jobbers, sièges Jarry",Profil employeur Jobillico (1 offre récente listée hors GMA) — ops distribution continues,1,Chauffeur longue distance (affichage Jobillico) — ops CD Montréal en continu,,,,,,,,,,,,,,,,"3455, rue Jarry Est, Montréal (QC) H1Z 2G1",https://groupe-monaco.ca/ + profil Jobillico Entrepôt de Montréal 1470 inc.,https://www.jobillico.com/see-company/entrepot-de-montreal-1470-inc,,Aucun courriel public vérifié.,2026-09-14,Moyen,Gros CD pièces auto Saint-Michel — besoin chronique chauffeur/commis.,Livreurs locaux / commis d’entrepôt pièces.,Ne pas prioriser,0 email.,C,0,2,Nouveau
51,25,D,GETPAQ,https://www.getpaq.ca,Montréal,3PL / courtage transport,35,"Entreposage + transport depuis Pointe-aux-Trembles, 3PL multi-villes",3PL actif PAT (offre non dénombrée aujourd’hui),0,,,,,,info@getpaq.ca,Site officiel getpaq.ca — bloc Email Info@GETPAQ.ca,,,,,,info@getpaq.ca,,,514-323-4680,"12225, boulevard Industriel, Pointe-aux-Trembles (QC) H1B 5M7",https://www.getpaq.ca/en/,https://www.getpaq.ca/emplois.php — CV à Info@GETPAQ.ca,,Page Emplois officielle + pied de page,2026-09-14,Élevé sur info@ (aussi publié comme destinataire des CV),"3PL Est de Montréal, taille PME, entrepôt + courtage. Page emplois invite les CV à Info@GETPAQ.ca.",Commis d’entrepôt / coordonnateurs transport à info@getpaq.ca.,Ne pas prioriser,"1 email vérifiable, aussi utilisé pour les candidatures.",B,1,2,Nouveau
52,25,D,ITC Technologies,,Laval,Distribution / entrepôt,40,Entrepôt Laval,Cariste manutentionnaire — Laval (Indeed),1,Cariste manutentionnaire,,,,,,,,,,,,,,,,Laval (QC),Offre Indeed ITC Technologies Inc. Laval,Cariste manutentionnaire — Laval,,Aucun courriel public.,2026-09-14,Moyen-faible,Poste cariste Laval.,Cariste / manutentionnaire.,Ne pas prioriser,0 email.,B,0,3,Nouveau
53,25,D,Mat&Max,,Montréal,Distribution / entrepôt,40,Inventaire et entrepôt,Commis à l’inventaire et entrepôt,1,Commis inventaire / entrepôt,Jour,,,,,,,,,,,,,,,Grand Montréal (QC),Offre Indeed COMMIS À L’INVENTAIRE ET ENTREPÔT — Mat&Max,Indeed,,Aucun courriel public.,2026-09-14,Faible-moyen,Commis inventaire — volume possible en saison.,Commis inventaire.,Ne pas prioriser,0 email.,B,0,3,Nouveau
54,25,D,Precise Warehousing,https://www.precisewarehousing.com,Baie-d'Urfé,3PL / entrepôt alimentaire BRC,30,"2 entrepôts sec + réfrigéré, fulfillment Shopify/Amazon, certifié BRC depuis 2011",Ops 3PL alimentaire + e-comm (pas d’offre dénombrée aujourd’hui — besoin structurel de pickers),0,,,,,,info@precisewarehousing.com,Site officiel FR — en-tête « info@precisewarehousing.com »,,,,,,info@precisewarehousing.com,,,514-447-3671,"555, avenue Lee, Baie-d'Urfé (QC) H9X 3S3",https://www.precisewarehousing.com/fr/,,,Site officiel > en-tête contact,2026-09-14,"Moyen — email officiel, signal d’offre faible aujourd’hui","3PL alimentaire Ouest-de-l’Île : quand ils embauchent, ce sont des profils froids/BRC difficiles.","Se présenter comme bassin caristes/préparateurs formés alimentaire (froid, lots, dates).",Ne pas prioriser,Seulement 1 email vérifiable. Score besoin 2/5 faute d’offre datée.,B,1,2,Nouveau
55,25,D,Service Remtec,,Montréal,Entrepôt,25,Entrepôt / cariste,Commis entrepôt / cariste,1,Commis entrepôt / cariste,,,,,,,,,,,,,,,,Grand Montréal (QC),Offre Indeed Service Remtec,Commis entrepôt / cariste,,Aucun courriel public.,2026-09-14,Faible-moyen,Poste cariste mixte.,Cariste / commis.,Ne pas prioriser,0 email. Confirmer l’adresse.,A,0,3,Nouveau
56,25,D,Servomax,,Boucherville,Distribution / entrepôt,30,Entrepôt + service client Boucherville,Commis entrepôt et service client — Boucherville,1,Commis entrepôt / service client,Jour,,,,,,,,,,,,,,,Boucherville (QC),Offre Indeed Servomax Inc.,Commis entrepôt et service client — Boucherville,,Aucun courriel public.,2026-09-14,Moyen-faible,"PME Rive-Sud, poste hybride entrepôt.",Commis polyvalent entrepôt.,Ne pas prioriser,0 email.,B,0,3,Nouveau
57,25,D,Techo-Bloc,https://www.techo-bloc.com,Saint-Hubert,Manufacturier / cour / expédition,800,"Usine et cour Saint-Hubert, quart de nuit 16h–4h, multi-sites NA",Yard forklift driver NIGHT Saint-Hubert — offre active sept. 2026,1,Cariste de cour — quart de nuit,Nuit lun–jeu 16h–4h + prime 2 $/h,,,,info@techo-bloc.com,Pied de page officiel techo-bloc.com / flyer PDF officiel,,,,,,info@techo-bloc.com,,,1-877-832-4625,"5255, rue Albert-Millichamp, Saint-Hubert (QC) J3Y 8Z8",https://www.techo-bloc.com/fr/about-us/contact-us,Offre cariste de cour nuit Saint-Hubert (publication sept. 2026),,Site officiel > pied de page / PDF studio,2026-09-14,"Moyen — 1 offre nuit forte, entreprise plus grande (recrutement plus centralisé)",Quart de nuit 12 h en cour : profil difficile à pourvoir. Utile si on a un bassin caristes soir/nuit Rive-Sud.,"Mandat ciblé caristes de cour nuit Saint-Hubert, pas un contrat national.",Ne pas prioriser,Seulement 1 email vérifiable trouvé. Taille >500 : pénalité centralisation appliquée.,F,1,4,Nouveau
58,25,D,Trans-Pro Logistique,https://trans-pro.com,Montréal,Logistique / transport frais,60,"Transport produits frais, bureaux multi-villes, équipe ops/ventes",Page carrière « toujours à la recherche » ops/ventes,0,,,,,,,,,,,,,,,,,Montréal (QC),https://trans-pro.com/fr/a-propos/,https://trans-pro.com/fr/a-propos/ — bloc carrières,,Aucun courriel public vérifié.,2026-09-14,Moyen-faible,"Logistique frais, croissance géographique — à relancer quand une offre ops sort.",Coordonnateurs / répartiteurs produits frais.,Ne pas prioriser,0 email.,B,0,2,Nouveau
59,25,D,Vanfax,,Boucherville,Distribution,60,Distribution Boucherville — manutention temporaire,Manutentionnaire (contrat) — Boucherville,1,Manutentionnaire (contrat),,,,,,,,,,,,,,,,Boucherville (QC),Offre Indeed Manutentionnaire (contrat) - Vanfax,Indeed — Boucherville,,Aucun courriel public.,2026-09-14,Moyen-faible,Contrat manutention : porte d’entrée temporaire → permanent.,Mandat temporaire manutentionnaires.,Ne pas prioriser,0 email.,B,0,3,Nouveau
60,20,D,Aéroports de Montréal,https://www.admtl.com,Dorval,Aéroport / logistique,1000,"YUL / YMX — ops 24/7, pas un 3PL mais écosystème cargo",Portail carrières ADM — métiers techniques et opérations 24/7,2,Opérations aéroport ; maintenance ; électriciens ; sécurité,24/7,,,,,,,,,,,,,,,YUL / YMX,https://www.admtl.com,Portail carrières ADM,,Aucun courriel RH public retenu.,2026-09-14,Moyen sur le volume 24/7 ; faible sur le contact,Écosystème cargo YUL (voisin FedEx/DHL/Frigologix).,Portail ADM. Pas un client trieurs colis.,Ne pas prioriser,0 email.,F,0,3,Catalogue
61,20,D,Costco Wholesale,https://www.costco.ca,Montréal,Entrepôt-club / CD,5000,"Entrepôts-clubs QC — métiers d’entrepôt, quarts",Recrutement volume entrepôt,2,Entrepôt ; réception ; magasin,Quarts,,,,,,,,,,,,,,,Clubs QC,https://www.costco.ca,Portail carrières Costco,,Aucun courriel RH public retenu.,2026-09-14,Faible sur le contact,"Volume entrepôt, déjà au catalogue.",Portail Costco.,Ne pas prioriser,0 email.,F,0,3,Catalogue
62,20,D,McKesson Canada,https://www.mckesson.ca,Montréal,Distribution pharma / CD,4000,"CD pharmaceutiques QC — caristes, préparateurs, environnement réglementé",Portail carrières — caristes et préparation de commandes,2,Caristes ; préparateurs ; pharmaciens d’entrepôt ; chauffeurs,CD multi-quarts,,,,,,,,,,,,,,,Entrepôts QC,https://www.mckesson.ca,Portail carrières McKesson,,Aucun courriel RH public retenu.,2026-09-14,Moyen sur le volume CD ; faible sur le contact,"CD pharma — caristes réglementés, déjà au catalogue.",Portail McKesson. Ne pas inventer rh@.,Ne pas prioriser,0 email.,F,0,4,Catalogue
63,20,D,XPO Logistics,https://www.xpo.com,Montréal,LTL / quai,2000,"LTL, quais Montréal",Veille Indeed — Talent Acquisition ; quais LTL,2,Dock / LTL ; chauffeurs ; TA,Quai,,,,,,,,,,,,,,,Montréal (QC),https://jobs.xpo.com/,https://jobs.xpo.com/,,"earlycareer@xpo.com = campus US seulement, non retenu pour les quais Montréal.",2026-09-14,Moyen sur le volume quais ; faible sur le contact QC,Quais LTL Montréal — cousin des messageries.,Portail jobs.xpo.com. Pas d’inbox QC.,Ne pas prioriser,0 email utile GMA.,F,0,3,Veille Indeed
64,15,D,CEVA Logistics,https://www.cevalogistics.com,Montréal,3PL / logistique contractuelle,2000,"Logistique contractuelle, entrepôts QC","Portail CEVA — entrepôt, transit, opérations",1,Entrepôt ; transit ; opérations,Entrepôt (quarts selon site),,RH Canada,,CanadaHR@cevalogistics.com,Plan d’accessibilité officiel CEVA Canada 2025,,,,,,,CanadaHR@cevalogistics.com,,,Présence QC,https://www.cevalogistics.com/en/careers,Portail CEVA,,PDF officiel accessibilité Canada,2026-09-14,Élevé — boîte RH Canada publiée,3PL avec inbox RH Canada réelle.,Caristes / commis d’entrepôt QC à CanadaHR@.,Ne pas prioriser,1 email RH Canada.,F,1,3,Catalogue
65,15,D,Fredyma International,https://www.fredyma.com,Laval,3PL / transport international,25,"Entreposage Laval, FCL, groupage import/export, 25 ans",Ops 3PL Laval (offre non listée aujourd’hui),0,,,,,,,,,,,,,,,,514-965-2832,"5755, boulevard des Rossignols, Laval (QC) H7L 5X4",https://www.fredyma.com/entreprise-3pl.php,,,Formulaire seulement — aucun courriel en clair.,2026-09-14,Moyen-faible,3PL Laval avec quais conteneurs — besoin ponctuel de débardeurs/caristes.,Renfort réception conteneurs / caristes.,Ne pas prioriser,0 email vérifiable.,A,0,2,Nouveau
66,15,D,Home Depot Canada,https://www.homedepot.ca,Montréal,CD quincaillerie,4000,"Centres de distribution QC — caristes, réception",Recrutement CD / entrepôt,1,Caristes ; réception ; entrepôt,CD,,,,,,,,,,,,,,,CD QC,https://www.homedepot.ca,Portail carrières Home Depot,,Aucun courriel RH public retenu.,2026-09-14,Faible sur le contact,CD déjà au catalogue — caristes.,Portail Home Depot.,Ne pas prioriser,0 email.,F,0,3,Catalogue
67,15,D,Mactrans Logistique,https://mactrans.ca,Longueuil,3PL / courtage transport,40,"Gestion transport routier/rail/maritime, 3PL, Longueuil",Page entreprise Jobillico + recrutement ventes/ops (profil employeur),0,,,,,,,,,,,,,,,,,"370, chemin de Chambly, bureau 120, Longueuil (QC) J4H 3Z6",https://mactrans.ca + https://www.jobillico.com/voir-entreprise/mactrans-logistique-montreal,Profil Jobillico Mactrans Logistique,,Aucun courriel public vérifié.,2026-09-14,Moyen-faible,"3PL PME Rive-Sud, plus courtage que plancher — à activer si offres ops.",Coordonnateurs transport / CS plutôt que caristes.,Ne pas prioriser,0 email vérifiable.,B,0,2,Nouveau
68,15,D,Port de Montréal,https://www.port-montreal.com,Montréal,Port / logistique,1400,Administration portuaire — ops maritimes/ferroviaires ; débardeurs via AEM,Formulaire emplois + débardeurs via Association des employeurs maritimes,1,Ops maritimes / ferroviaires ; débardeurs (via AEM),Ops port,,Siège — communications,,communications@port-montreal.com,Page Contact us officielle port-montreal.com/en/contact-us,,,,,,,,,514-283-7011,"2100, avenue Pierre-Dupuy, aile 1, Montréal (QC) H3C 3R5",https://www.port-montreal.com/en/contact-us,https://www.port-montreal.com/fr/emplois — formulaire ; débardeurs = mea.ca,,Page contact EN officielle. Les courriels du répertoire FR sont masqués (JS).,2026-09-14,Élevé sur communications@,"Écosystème portuaire. Débardeurs = AEM, pas l’APM.",Ne pas envoyer des CV trieurs ici. communications@ = institutionnel.,Ne pas prioriser,1 email communications. RH masqué sur le site FR.,F,1,2,Catalogue
69,5,D,CPKC,https://www.cpkcr.com,Montréal,Ferroviaire,20000,Réseau ferroviaire QC — pas un hub colis,Portail carrières CPKC — métiers techniques,1,Mécaniciens de locomotive ; métiers de voie ; ateliers,Quarts,,,,,,,,,,,,,,,Réseau QC,https://www.cpkcr.com,Portail carrières CPKC,,Aucun courriel RH public retenu.,2026-09-14,Faible sur le contact,Au catalogue. Pas le persona trieurs colis.,Portail CPKC.,Ne pas prioriser,0 email.,F,0,2,Catalogue
70,5,D,Canadien National,https://www.cn.ca,Montréal,Ferroviaire,24000,Siège Montréal — métiers ferroviaires,Portail carrières CN,1,Métiers ferroviaires ; ateliers,Quarts,,,,,,,,,,,,,,,Montréal (QC),https://www.cn.ca,Portail carrières CN,,Aucun courriel RH public retenu.,2026-09-14,Faible sur le contact,Au catalogue. Pas un hub colis.,Portail CN.,Ne pas prioriser,0 email.,F,0,2,Catalogue
71,5,D,DHL Express,https://www.dhl.com,Lachine,Messagerie express / aéroport,1500,"Hubs express Dorval / Lachine, TA Canada basée Lachine",Coordonnateur TA bilingue Lachine (2026) ; ops quai / aéroport,1,"Messagerie, quai, opérations aéroport ; TA interne Lachine",Quais / aéroport (quarts),,,,,,,,,,,,,,,Lachine / Dorval (QC),https://careers.dhl.com/,"Offre Bilingual Talent Acquisition Coordinator, Lachine (2026)","Nicole Menzies, Sr Manager TA & TM (LinkedIn personnel — email non publié)","Aucun courriel RH public. ada@dhl.com = accommodements seulement, non retenu comme contact prospection.",2026-09-14,Moyen sur le signal TA Lachine ; faible sur le contact,Ils ont une équipe TA à Lachine — donc ils embauchent du volume ops. Contact = portail.,Ne pas inventer hr@dhl.com. Approche via l’offre TA / LinkedIn entreprise.,Ne pas prioriser,0 email prospection. Portail only.,F,0,3,Catalogue
72,0,D,C.H. Robinson,https://www.chrobinson.com,Laval,Courtage transport,1000,"Courtage, bureau Laval — peu d’entrepôt propre",Veille Indeed — Recruiter,1,Courtage ; recruiter,,,,,,,,,,,,,,,,Laval (QC),https://www.chrobinson.com,https://www.chrobinson.com/careers,,Aucun courriel RH public retenu.,2026-09-14,Faible — pas un employeur trieurs,"Dans la veille, mais courtier : pas le bon persona trieurs/caristes.",Ne pas prioriser pour les trieurs.,Ne pas prioriser,0 email. Score besoin 1/5.,F,0,1,Veille Indeed
73,0,D,Expeditors,https://www.expeditors.com,Mirabel,Transit / logistique,800,"Expeditors Canada, Mirabel",Veille Indeed — Talent Acquisition Partner,1,Transit ; TA,,,,,,,,,,,,,,,,Mirabel (QC),https://www.expeditors.com,https://www.expeditors.com/careers,,Aucun courriel RH public retenu.,2026-09-14,Faible,Présent dans la veille. Peu de trieurs/caristes visibles.,Portail.,Ne pas prioriser,0 email.,F,0,2,Veille Indeed
74,0,D,Kuehne+Nagel,https://www.kuehne-nagel.com,Montréal,3PL / douane / entrepôt,1800,"Logistique internationale, bureaux et entrepôts QC","Portail jobs.kuehne-nagel.com/ca — entrepôt, courtage, ops",1,Courtage ; entrepôt ; opérations douanières,,,,,,,,,,,,,,,,Bureaux et entrepôts QC,https://jobs.kuehne-nagel.com/ca/en/home,Portail KN Canada — candidatures en ligne seulement (FAQ officielle),,Aucun courriel RH public. FAQ : « we only accept online applications ».,2026-09-14,Élevé sur l’absence d’email (FAQ officielle),3PL présent QC. Contact = portail.,Ne pas inventer hr.canada@.,Ne pas prioriser,0 email. Portail only — confirmé par leur FAQ.,F,0,2,Catalogue
75,0,D,Livingston International,https://www.livingstonintl.com,Montréal,Douane / courtage,2000,Courtage douanier — peu de trieurs/caristes,Portail carrières,0,Courtage ; conformité,,,,,,,,,,,,,,,,Bureaux QC,https://www.livingstonintl.com,Portail carrières Livingston,,Aucun courriel RH public retenu.,2026-09-14,Faible — hors persona trieurs,"Au catalogue logistique, mais ce n’est pas un hub de tri.",Ne pas prioriser pour trieurs/caristes.,Ne pas prioriser,0 email. Score besoin 1/5.,F,0,1,Catalogue
76,0,D,Logistec,https://www.logistec.com,Montréal,Manutention portuaire / environnement,3000,"Stevedoring et services environnementaux, siège Montréal",Portail carrières — ops portuaires,1,Ops portuaires ; environnementaux,,,,,,,,,,,,,,,,Montréal (QC),https://www.logistec.com,Portail carrières Logistec,,Aucun courriel RH public retenu dans cette passe.,2026-09-14,Faible sur le contact,"Présent au catalogue, ops portuaires.",Portail carrières.,Ne pas prioriser,0 email.,F,0,2,Catalogue
77,0,D,Penske,https://www.penske.com,Boucherville,Logistique / location flotte,800,"Penske Logistics Canada, Boucherville",Veille Indeed — Recruiter,1,Logistique ; flotte,,,,,,,,,,,,,,,,Boucherville (QC),https://www.penske.com/careers,https://www.penske.com/careers,,Aucun courriel RH public retenu.,2026-09-14,Faible,"Présent veille Indeed, Rive-Sud.",Portail Penske.,Ne pas prioriser,0 email.,F,0,2,Veille Indeed
78,0,D,Schenker,https://www.dbschenker.com/ca-fr,Dorval,3PL / fret,1500,"DB Schenker Canada, Dorval",Veille Indeed — Recruiter,1,Entrepôt ; fret ; recruiter,,,,,,,,,,,,,,,,Dorval (QC),https://www.dbschenker.com/ca-fr,https://www.dbschenker.com/ca-fr/carrieres,,Aucun courriel RH public retenu.,2026-09-14,Faible sur le contact,3PL aéroport Dorval.,Portail Schenker.,Ne pas prioriser,0 email.,F,0,2,Veille Indeed
79,0,D,TFI International,https://tfiintl.com,Saint-Laurent,Groupe transport / messagerie,25000,"Siège 8801 Transcanadienne, bureau 500 — holding de Loomis, Canpar, ICS, etc.","Recrutement via les filiales (Loomis, Canpar, ICS) plus que le holding",0,RH / ops via filiales messagerie,,Alain Bédard,"Président du conseil, président et chef de la direction",,DPO@tfiintl.com,Page contact officielle tfiintl.com/fr/contact/ — DPO@,,,,,,DPO@tfiintl.com,,,,"8801, route Transcanadienne, bureau 500, Saint-Laurent (QC) H4S 1Z6",https://tfiintl.com/fr/contact/,https://jobs.tfiintl.com/,Page contact officielle — Alain Bédard (abedard@ publié ; non recopié ici comme cible prospection),Page contact officielle. Pas d’inbox RH. Formulaire « Human resources ».,2026-09-14,Élevé sur DPO@. Nulle sur RH.,Maison-mère des messageries TFI. Mieux contacter Loomis/Canpar/ICS.,Ne pas écrire au PDG. Passer par careers@ des filiales.,Ne pas prioriser,1 email conformité. abedard@ / dsaperstein@ / jlanglois@ sont publiés (IR) — pas des cibles recrutement.,F,1,2,Catalogue
